{
  "metrics": {
    "polaris_only": {
      "n_races": 135,
      "top3_hit_rate": 0.9777777777777777,
      "top1_wins": 45,
      "top1_count": 135,
      "top1_win_rate": 0.3333333333333333,
      "top1_roi": 1.4637037037037037,
      "top3_count": 405,
      "top3_roi": 1.471604938271605
    },
    "polaris_rule": {
      "n_races": 135,
      "top3_hit_rate": 0.9481481481481482,
      "top1_wins": 43,
      "top1_count": 135,
      "top1_win_rate": 0.31851851851851853,
      "top1_roi": 1.222962962962963,
      "top3_count": 405,
      "top3_roi": 1.0619753086419752
    },
    "rejected_analysis": {
      "n_rejected": 75,
      "rejected_top3_rate": 0.10666666666666667,
      "n_non_rejected": 2155,
      "non_rejected_top3_rate": 0.1842227378190255
    }
  },
  "n_races": 135
}